{
  "temperature": 0.042749691754579544,
  "ece_before": 0.10436917409884813,
  "ece_after": 0.0671699263694209
}