{
  "temperature": 0.6307997107505798,
  "ece_before": 0.07126899243489654,
  "ece_after": 0.021840598586656546
}