{
  "val": {
    "split": "val",
    "threshold": 0.5250000000000001,
    "micro_f1": 0.5963022812054116,
    "macro_f1": 0.5681882267031323,
    "micro_prec": 0.4950795338580879,
    "micro_rec": 0.7495543190535358,
    "macro_auprc": 0.575657185149022,
    "micro_auroc": 0.9267153551745686
  },
  "test": {
    "split": "test",
    "threshold": 0.5250000000000001,
    "micro_f1": 0.5951871964354457,
    "macro_f1": 0.569617395460235,
    "micro_prec": 0.49408125106238315,
    "micro_rec": 0.7483188647574325,
    "macro_auprc": 0.5741126981513968,
    "micro_auroc": 0.9250181378401239
  }
}