{
  "val": {
    "split": "val",
    "threshold": 0.5250000000000001,
    "micro_f1": 0.5985350480485271,
    "macro_f1": 0.5675087874109336,
    "micro_prec": 0.49544990614316203,
    "micro_rec": 0.7557868606145068,
    "macro_auprc": 0.5749888153107633,
    "micro_auroc": 0.9279458859686955
  },
  "test": {
    "split": "test",
    "threshold": 0.5250000000000001,
    "micro_f1": 0.5957554090636689,
    "macro_f1": 0.5692535534628815,
    "micro_prec": 0.49325540491523917,
    "micro_rec": 0.7520294663912018,
    "macro_auprc": 0.5737209178559648,
    "micro_auroc": 0.9257439481798608
  }
}