epoch,train_loss,val_micro_f1
1,0.2859312631876319,0.4112666533491095
2,0.23085302627257,0.4625539107122042
3,0.22116964537651748,0.4681215797455001
